{
  "train_acc": [
    64.73895582329317,
    82.20883534136546,
    84.97991967871486,
    86.54618473895583,
    87.59036144578313,
    88.23293172690764,
    88.43373493975903,
    88.55421686746988,
    89.67871485943775,
    89.1566265060241,
    89.95983935742971,
    89.67871485943775,
    90.76305220883535,
    90.8433734939759,
    90.28112449799197,
    90.16064257028113,
    90.8433734939759,
    90.48192771084338,
    91.52610441767068
  ],
  "val_acc": [
    77.42537313432835,
    86.19402985074628,
    85.07462686567165,
    88.80597014925372,
    91.23134328358209,
    90.29850746268657,
    88.05970149253731,
    91.6044776119403,
    94.21641791044776,
    91.9776119402985,
    93.28358208955224,
    93.84328358208955,
    93.65671641791045,
    94.02985074626865,
    92.53731343283582,
    93.84328358208955,
    92.91044776119404,
    92.72388059701493,
    92.53731343283582
  ],
  "train_loss": [
    1.1320094921981474,
    0.54174821702352,
    0.43535031602085833,
    0.39829365666132854,
    0.351329555377424,
    0.34692909978479747,
    0.3123011448895596,
    0.32848238279541814,
    0.3006946895495955,
    0.29195644563460443,
    0.28994745186055043,
    0.2736808666263718,
    0.2564642474115134,
    0.26474387697187296,
    0.27327776181410596,
    0.26853021962575646,
    0.2614914049944246,
    0.26303482552369434,
    0.24421144667638833
  ],
  "val_loss": [
    0.7209227383136749,
    0.517211296553932,
    0.44073462319463047,
    0.3807416075645988,
    0.29252750320888277,
    0.2830966642932661,
    0.36300526274395967,
    0.27605492568143936,
    0.21886210158508992,
    0.2680773736992434,
    0.23404919495806098,
    0.23032244853675365,
    0.23044588262173557,
    0.22367847278547376,
    0.2466561374803588,
    0.22627820318161662,
    0.2398508005608707,
    0.22393042306457436,
    0.23628874993605067
  ],
  "gap": [
    12.686417311035186,
    3.9851945093808183,
    0.09470718695678215,
    2.2597854102978943,
    3.640981837798961,
    2.0655757357789355,
    0.37403344722171994,
    3.050260744470421,
    4.537703051010013,
    2.820985434274405,
    3.3237427321225255,
    4.164568722651808,
    2.893664209075098,
    3.1864772522927467,
    2.2561889348438484,
    3.6826410118084283,
    2.067074267218132,
    2.2419528861715463,
    1.0112090151651358
  ]
}