{
  "train_acc": [
    66.86802973977696,
    84.94423791821562,
    88.56877323420075,
    91.682156133829,
    88.80111524163569,
    90.61338289962825,
    90.47397769516729,
    91.21747211895911,
    91.635687732342,
    90.79925650557621,
    91.91449814126393,
    92.37918215613382,
    93.40148698884758,
    92.5185873605948,
    92.33271375464685,
    93.77323420074349,
    92.65799256505576,
    93.35501858736059,
    93.07620817843866,
    93.40148698884758,
    93.95910780669145,
    92.79739776951673,
    92.56505576208178,
    92.56505576208178,
    93.21561338289963,
    93.26208178438662,
    93.81970260223048,
    93.02973977695167,
    93.07620817843866,
    93.77323420074349,
    93.72676579925651,
    93.44795539033457,
    92.79739776951673,
    94.37732342007435,
    93.54089219330855,
    93.72676579925651,
    93.54089219330855,
    93.68029739776952,
    93.68029739776952,
    92.70446096654275,
    93.72676579925651,
    94.05204460966543,
    93.40148698884758,
    93.16914498141264,
    93.95910780669145,
    93.02973977695167,
    93.3085501858736,
    93.86617100371747,
    92.98327137546468,
    93.72676579925651
  ],
  "val_acc": [
    83.08026030368764,
    88.06941431670282,
    90.02169197396964,
    91.54013015184381,
    92.19088937093275,
    93.27548806941432,
    91.97396963123644,
    91.1062906724512,
    92.84164859002169,
    93.49240780911063,
    93.92624728850325,
    94.36008676789588,
    94.57700650759219,
    95.01084598698482,
    94.7939262472885,
    95.22776572668113,
    94.57700650759219,
    94.36008676789588,
    94.57700650759219,
    94.14316702819957,
    94.57700650759219,
    94.14316702819957,
    94.7939262472885,
    94.14316702819957,
    93.92624728850325,
    94.57700650759219,
    94.36008676789588,
    94.7939262472885,
    94.7939262472885,
    94.14316702819957,
    94.57700650759219,
    94.57700650759219,
    94.57700650759219,
    94.36008676789588,
    94.7939262472885,
    95.01084598698482,
    95.01084598698482,
    95.01084598698482,
    94.7939262472885,
    94.7939262472885,
    94.57700650759219,
    94.7939262472885,
    94.36008676789588,
    94.57700650759219,
    94.14316702819957,
    94.7939262472885,
    94.7939262472885,
    94.36008676789588,
    94.36008676789588,
    94.36008676789588
  ],
  "train_loss": [
    1.0399111052871193,
    0.48393377185311015,
    0.3373051022065173,
    0.275063009510253,
    0.2976938889926251,
    0.2802431912171796,
    0.25480832342321547,
    0.2502947200408212,
    0.23162666788553216,
    0.26421048777475675,
    0.2210545104453998,
    0.2011519278292319,
    0.1895392378134355,
    0.20261591778147175,
    0.19706612945877044,
    0.18047096112182148,
    0.2054010558748777,
    0.18688159084231437,
    0.1914710763661835,
    0.18447652617019347,
    0.18046829135583015,
    0.20477814617874898,
    0.20503071011442234,
    0.20780987749534025,
    0.19611862800378338,
    0.19018969327543747,
    0.18759302069263387,
    0.19036521239130028,
    0.19111623944624648,
    0.17628222604223343,
    0.17770439044305827,
    0.18372027888949477,
    0.2011593834507421,
    0.1689766800536542,
    0.1858669368750987,
    0.17307835479429665,
    0.17910505232979373,
    0.18006732899238628,
    0.17979512554783803,
    0.20398594106661785,
    0.18780299835599487,
    0.1774680831064522,
    0.19876295134258978,
    0.185940426189217,
    0.17551964295674877,
    0.18175102257927997,
    0.194300896173073,
    0.1866432131721628,
    0.20022790566031373,
    0.1679041519705691
  ],
  "val_loss": [
    0.6261621162844841,
    0.3945654336516614,
    0.323057112168852,
    0.2440205091638834,
    0.2494909774326192,
    0.19769193597315707,
    0.2075881395577867,
    0.23504639130869553,
    0.18054728103304635,
    0.1736389372877599,
    0.1696092189812867,
    0.1622434125449549,
    0.15327287720690064,
    0.15627222416069916,
    0.15166953270709438,
    0.14134913211013644,
    0.15430432509574352,
    0.15207118678377404,
    0.15273322339559584,
    0.16301914533992135,
    0.16003748503010598,
    0.15486432047896168,
    0.15217620228091963,
    0.160589086873671,
    0.1559399155305937,
    0.1537250621878661,
    0.15872768757141592,
    0.16528044338792627,
    0.1526347608052986,
    0.16738006369152192,
    0.1446870548121324,
    0.15947237180913607,
    0.15913817863466942,
    0.15684694559222448,
    0.14726236296126743,
    0.15320817731854197,
    0.147064463354631,
    0.15299471634199718,
    0.16290491719178676,
    0.14438842954578732,
    0.15028501279377368,
    0.1625427444851321,
    0.16405219893393444,
    0.1520043616698259,
    0.16035312861850617,
    0.1497493224812433,
    0.1596763142568429,
    0.15648564546007396,
    0.1530030433759255,
    0.15646915231506117
  ],
  "gap": [
    -16.21223056391068,
    -3.1251763984871985,
    -1.45291873976889,
    0.142025981985185,
    -3.3897741292970665,
    -2.6621051697860736,
    -1.4999919360691507,
    0.1111814465079135,
    -1.2059608576796848,
    -2.693151303534421,
    -2.011749147239314,
    -1.9809046117620568,
    -1.1755195187446077,
    -2.4922586263900257,
    -2.46121249264165,
    -1.4545315259376395,
    -1.9190139425364237,
    -1.0050681805352895,
    -1.5007983291535254,
    -0.7416800393519907,
    -0.6178987009007386,
    -1.3457692586828358,
    -2.2288704852067127,
    -1.5781112661177872,
    -0.7106339056036148,
    -1.3149247232055643,
    -0.5403841656654009,
    -1.7641864703368242,
    -1.717718068849834,
    -0.3699328274560827,
    -0.8502407083356758,
    -1.1290511172576174,
    -1.7796087380754528,
    0.017236652178468148,
    -1.2530340539799454,
    -1.284080187728307,
    -1.469953793676268,
    -1.3305485892152973,
    -1.1136288495189746,
    -2.089465280745742,
    -0.8502407083356758,
    -0.7418816376230666,
    -0.9585997790482992,
    -1.4078615261795449,
    -0.1840592215081216,
    -1.7641864703368242,
    -1.4853760614148968,
    -0.49391576417841065,
    -1.3768153924311974,
    -0.6333209686393673
  ]
}