{
  "train_acc": [
    65.22088353413655,
    81.96787148594377,
    83.53413654618474,
    86.10441767068274,
    86.70682730923694,
    87.18875502008032,
    87.46987951807229,
    87.26907630522088,
    88.19277108433735,
    88.35341365461848,
    89.67871485943775,
    89.91967871485944,
    88.83534136546184,
    89.31726907630522,
    90.16064257028113,
    89.19678714859438,
    89.23694779116465,
    89.39759036144578,
    89.67871485943775,
    90.04016064257029,
    88.714859437751,
    90.40160642570281,
    90.52208835341365,
    89.43775100401606
  ],
  "val_acc": [
    69.40298507462687,
    78.35820895522389,
    83.76865671641791,
    85.63432835820896,
    87.5,
    87.5,
    85.26119402985074,
    86.75373134328358,
    85.63432835820896,
    88.43283582089552,
    88.05970149253731,
    89.17910447761194,
    89.55223880597015,
    90.11194029850746,
    89.55223880597015,
    89.36567164179104,
    89.36567164179104,
    89.17910447761194,
    89.17910447761194,
    89.55223880597015,
    89.55223880597015,
    89.36567164179104,
    88.99253731343283,
    89.36567164179104
  ],
  "train_loss": [
    0.9467064138875908,
    0.5375513178756438,
    0.4634717731830107,
    0.40054913811894305,
    0.3783824504379288,
    0.353047800854028,
    0.3644626895347273,
    0.3502774915302614,
    0.3248103577927892,
    0.31037063931365566,
    0.29846976606482006,
    0.28160766233880835,
    0.29667458778404326,
    0.3029641658426767,
    0.2721050170530756,
    0.2956400325260009,
    0.30164954243414854,
    0.30313617413541877,
    0.28591027752941395,
    0.28197027782359757,
    0.30161190802553095,
    0.27832502959722494,
    0.2854673325417032,
    0.28956821374146335
  ],
  "val_loss": [
    0.7569289440011133,
    0.6292073899852251,
    0.49554506124956393,
    0.4511016299322581,
    0.44744598937790786,
    0.43136049060623594,
    0.45632729006917283,
    0.39853862006870555,
    0.41245307205870413,
    0.3997944487230991,
    0.3942736148410268,
    0.36792792049723105,
    0.37031393370646704,
    0.362767461237303,
    0.368421160197233,
    0.34189575131975614,
    0.3616918779548202,
    0.35394683865128335,
    0.3554459996434596,
    0.36856683168504667,
    0.36637131270167156,
    0.36467371428725937,
    0.36336447033725344,
    0.3618653382777598
  ],
  "gap": [
    4.182101540490322,
    3.6096625307198877,
    0.23452017023316785,
    0.4700893124737746,
    0.7931726907630576,
    0.31124497991967814,
    2.2086854882215476,
    0.5153449619373021,
    2.5584427261283906,
    0.07942216627704113,
    1.6190133669004325,
    0.7405742372475004,
    0.7168974405083048,
    0.7946712222022398,
    0.6084037643109781,
    0.1688844931966571,
    0.12872385062638614,
    0.21848588383383571,
    0.49961038182580353,
    0.48792183660013677,
    0.8373793682191462,
    1.0359347839117703,
    1.5295510399808165,
    0.07207936222502553
  ]
}